source,id,url,title,abstract,publication_date,year,doi
pubmed,42260072,https://pubmed.ncbi.nlm.nih.gov/42260072/,Benchmarking machine learning architectures for menstrual recovery prediction using physiologically informed synthetic wearable data.,"Secondary amenorrhea is a heterogeneous condition with implications for reproductive, cardiovascular, and bone health. Existing machine learning approaches in menstrual health focus on cycle prediction rather than recovery modeling in pathological conditions. We present a proof-of-concept framework to model menstrual recovery within three months from non-invasive wearable-derived physiological features and self-reported inputs, including heart rate variability, resting heart rate, sleep, physical activity, skin temperature, perceived stress, age, and duration of amenorrhea. Using a synthetically generated dataset of 5000 individuals encoding physiologically informed feature-outcome relationships, twelve models were evaluated across baseline and longitudinal configurations. The best-performing model (XGBoost) achieved an AUC of 0.914, with ablation analysis confirming baseline features capturing the majority of learnable signal (ΔAUC = 0.020). Permutation-based null models confirmed non-trivial predictive structure (AUC = 0.503), and XGBoost outperformed rule-based baselines (ΔAUC = 0.044). SHAP analysis identified perceived stress and heart rate variability as dominant predictors, consistent with the data-generating structure. As the wearable-derived features are routinely captured by consumer devices and the self-reported inputs require brief periodic assessment, this framework establishes a foundation for wearable-based modeling of menstrual recovery, with future work required for real-world clinical validation and integration into health monitoring systems.",2026 Jun 08,2026,
pubmed,42260064,https://pubmed.ncbi.nlm.nih.gov/42260064/,Enhancing life jacket detection for maritime search and rescue using YOLO models and illumination-robust preprocessing techniques.,"Maritime Search and Rescue (SAR) operations are often challenged by vast search zones, poor visibility, and extreme lighting conditions, especially during nighttime missions. This study investigates the use of computer vision and object detection algorithms to automate life jacket detection and improve SAR effectiveness. To address the absence of domain-specific datasets, a custom image dataset featuring multiple life jacket types was developed. A two-fold methodology was adopted: evaluating the performance of YOLO object detection models (versions 5 through 12) on the dataset, and incorporating advanced image preprocessing techniques to enhance detection under challenging lighting conditions. The results demonstrate that preprocessing significantly improves detection performance in both overexposed and underexposed scenarios. Among all evaluated models, YOLOv10 achieved the strongest combination of precision and real-time inference speed (43.9 FPS on Tesla T4 GPU), making it a promising candidate for time-sensitive rescue applications. While individual cells of Tables 5, 6, 7, 8 and 9 show other detectors achieving higher precision under specific lighting × preprocessing combinations, YOLOv10 offers the best aggregate trade-off across the evaluated criteria. This work contributes a scalable benchmark solution for improving SAR outcomes by enabling faster and more reliable identification of individuals in distress at sea.",2026 Jun 08,2026,
pubmed,42259901,https://pubmed.ncbi.nlm.nih.gov/42259901/,Intelligent Parkinson's disease identification via Residual-Shuffle Network optimized by Improved Dandelion Optimizer.,"Parkinson's disease (PD) presents significant challenges due to its intricate symptoms and often delayed diagnosis. Therefore, early detection is vital for effective management and slowing the disease progression. Recently, machine learning based methods show high performance in this purpose. This research introduces a new machine learning approach that combines Residual-Shuffle Network (ResNet) with an advanced metaheuristic, the Improved Dandelion Optimizer (IDO) by integrating adaptive parameter control and enhanced exploration-exploitation balance, to provide an accessible and precise solution for automated PD detection. The proposed framework addresses previous limitations by effectively adjusting model hyperparameters and network weights without the need for expensive or sophisticated data collection devices. The proposed IDO-ResShuffle framework achieved strong performance on the HandPD dataset, obtaining 97.6% accuracy, 96.9% F1-score, 97.2% sensitivity, and 97.1% specificity. These results demonstrate the effectiveness of jointly optimizing the network architecture and hyperparameters through the Improved Dandelion Optimizer, enabling more reliable identification of Parkinson's disease from handwriting patterns. These enhancements empower healthcare professionals to make informed decisions about patient care sooner and potentially slow down the progression of symptoms. By enhancing accessibility and reliability, this approach can enhance clinical decision-making and support timely intervention in PD management.",2026 Jun 08,2026,
pubmed,42259120,https://pubmed.ncbi.nlm.nih.gov/42259120/,Association Between Lactate-to-Albumin Ratio and 28-Day All-Cause Mortality in ICU-Admitted Acute Pancreatitis Patients: Development and Validation of a Machine Learning-Based Predictive Model Integrating Albumin-Corrected Indices.,"Patients with severe acute pancreatitis (AP) carry a high mortality risk. The lactate-to-albumin ratio (LAR) has shown prognostic value in conditions including sepsis, heart failure and acute respiratory failure. We aimed to assess LAR's predictive value for 28-day mortality in ICU-admitted AP patients and to establish a machine learning-based predictive model integrating three albumin-derived indices-LAR, red blood cell distribution width-to-albumin ratio (RAR), and blood urea nitrogen-to-albumin ratio (BAR)-for this outcome. We analysed a cohort of 380 ICU-admitted AP patients from the MIMIC-IV database (2008-2022) as the training set to evaluate LAR's prediction of 28-day mortality. Predictors were screened using the Boruta algorithm, incorporating LAR, RAR, BAR and clinical variables (e.g., age, creatinine). Seven machine learning models were developed to predict 28-day all-cause mortality. Internal validation employed a 2:1 random data split; external validation used 298 AP patients from the eICU-CRD database (2014-2015). The SHAP method elucidated prediction mechanisms. Multivariate Cox regression analysis revealed that patients in the highest quartile of LAR (>1.72 mmol/g) exhibited a significantly elevated mortality risk (adjusted HR = 8.25, 95% CI 2.57-26.54). The Boruta feature selection algorithm identified 11 independent predictors, including LAR, BAR, RAR, and age. Following 5-fold internal cross-validation, the Extratrees model demonstrated superior performance in the training set benchmark testing (AUC = 0.8546). During internal validation, the Extratrees model maintained optimal predictive capability (AUC = 0.852). Calibration curve analysis and Decision Curve Analysis (DCA) substantiated its high predictive accuracy and clinical net benefit. External validation further corroborated the robustness of Extratrees model (AUC = 0.82). A web-based computational platform (https://bssrmyy.shinyapps.io/DynNom_Model2/) has been deployed to enable online individualized risk assessment. LAR is a strong independent predictor of 28-day mortality in ICU-admitted AP patients. This study pioneers the development and validation of a prognostic prediction model for AP based on three albumin-corrected indices (LAR, BAR, RAR) and machine learning. The Extratrees model performed excellently in both internal and external validations, providing an efficient tool for precise risk stratification and early intervention in ICU-managed AP. Not applicable (retrospective cohort study).",2026 Jun 04,2026,
pubmed,42252708,https://pubmed.ncbi.nlm.nih.gov/42252708/,SNAC-DB: An ML-ready database for antibody and NANOBODY® VHH-antigen complexes with expanded structural diversity and real-world benchmarking.,"Predicting antibody and NANOBODY® VHH-antigen complexes remains a critical challenge for state-of-the-art structure prediction models, limiting their impact in therapeutic discovery pipelines. We introduce SNAC-DB, an ML-ready database and curation pipeline enriched with structural biology expertise, designed to accelerate model accuracy and generalization by providing 31-37% expanded structural diversity over existing resources like SAbDab through comprehensive re-curation that extracts maximum value from available experimental structures. SNAC-DB expands coverage by capturing often-overlooked complexes and accurately identifying complete multi-chain epitopes through improved biological-assembly based logic. Built for ML practitioners, SNAC-DB provides standardized formats with multi-threshold structure-based clustering to enable principled sample weighting during training. Using a rigorous benchmark of public PDB entries deposited post-May 2024 plus confidential therapeutic structures, we evaluate seven leading models (Protenix-v1, OpenFold-3p2, RosettaFold-3, Boltz-2, Boltz-1x, Chai-1, and AlphaFold2.3-multimer) with evaluation methodology tailored to antibody/NANOBODY® VHH-antigen complexes to ensure correct handling of multi-chain epitopes, revealing systematic performance gaps: success rates rarely exceed 25%, confidence-based ranking fails to identify best predictions even when accurate structures exist in ensembles, and all models consistently struggle with therapeutically relevant NANOBODY® VHHs. Systematic evaluation of sampling strategies demonstrates that while generating 1000 samples per target substantially increases the likelihood of producing accurate structures (oracle selection improves from 11.9% to 50.5%), confidence-based ranking remains nearly flat (between 10.9% and 14.9%), revealing that improved ranking mechanisms represent a more tractable path to performance gains. Finally, fine-tuning GeoDock on SNAC-DB yields higher success rates than training on SAbDab (11.0% vs. 7.1% for antibodies; 7.0% vs. 4.0% for NANOBODY® VHHs), suggesting that SNAC-DB's expanded structural diversity translates to improved model generalization.",2026 Jul,2026,
pubmed,42245940,https://pubmed.ncbi.nlm.nih.gov/42245940/,Heart failure risk prediction based on machine learning and interpretability analysis.,"Heart failure (HF) is a major public health issue globally, requiring early risk stratification to improve patient outcomes. Despite numerous machine learning (ML) applications in HF prediction, critical gaps persist: lack of systematic algorithm benchmarking under standardized conditions, reliance on single explainable AI (XAI) methods, and insufficient attention to class imbalance. We provide the first comprehensive benchmark of 10 ML algorithms for HF risk stratification and establish a validated dual-XAI framework for clinical deployment. We analyzed a publicly available dataset of 2,169 patients with 15 clinical features. Ten ML algorithms (five traditional: Logistic Regression, Decision Tree, Support Vector Machine, K-Nearest Neighbors, Naive Bayes; five ensemble: Random Forest, Gradient Boosting, XGBoost, LightGBM, CatBoost) were compared under rigorously standardized conditions, including an 80:20 stratified train-test split, identical preprocessing, and a fixed random seed. Performance was evaluated using six complementary metrics: Receiver Operating Characteristic-Area Under Curve (ROC-AUC), accuracy, precision, recall, F1-score, and Precision-Recall AUC (PR-AUC). SHapley Additive exPlanations (SHAP) and Local Interpretable Model-agnostic Explanations (LIME) were applied to interpret the best model, with quantitative cross-method concordance analysis. Logistic Regression achieved optimal performance (ROC-AUC = 0.9451, accuracy = 88.25%, F1-score = 0.8294, PR-AUC = 0.9113), outperforming complex ensemble methods. Left Ventricular Ejection Fraction (LVEF) was the dominant predictor (SHAP normalized importance = 1.0; LIME weight = 0.2917), followed by diabetes, age, hypertension, and serum creatinine, with 100% SHAP-LIME concordance in top-3 rankings. The false-negative rate on the test set was 18.42% (28/152), supporting the model's clinical utility for high-risk patient identification. Key contributions include: (1) the first systematic comparison of 10 algorithms under identical experimental conditions; (2) a novel dual-XAI framework (SHAP + LIME) with quantified cross-validation, addressing single-method biases; (3) demonstration that simple, interpretable models outperform complex ensembles on moderate-sized datasets (n = 2,169), offering practical guidance for resource-limited settings; and (4) quantitative validation of LVEF dominance across interpretation methods. The validated framework shows potential for clinical risk stratification systems, though prospective validation against independent clinical outcomes is required.",2026,2026,
pubmed,42245064,https://pubmed.ncbi.nlm.nih.gov/42245064/,Comparing Pathway-Informed Polygenic Risk Score Strategies: A multi-cohort evaluation of Amyloid-β.,"To systematically evaluate pathway-informed polygenic risk score (PRS) strategies and determine which approaches most effectively leverage biological annotations for risk prediction, using brain amyloid-β (Aβ) positivity as a case study. We systematically benchmarked approaches for integrating pathway information into PRSs construction to predict brain Aβ positivity. Using two cohorts, the Alzheimer's Disease Neuroimaging Initiative (ADNI, n = 969) and Australian Imaging, Biomarkers and Lifestyle (AIBL, n = 251), we compared Apolipoprotein E ( <i>APOE</i> ) genetic risk score (GRS), clumping and thresholding (C+T) PRS, pathway-guided single nucleotide polymorphism (SNP) selection PRS, and pathway-specific PRSs ensembled via machine learning. Pathways were derived from manually curated literature or from pathway databases via Functional Mapping and Annotation (FUMA). In cross-validation on the ADNI cohort, pathway-informed PRS using a narrow-set of pathways to guide SNP selection (PathPRS-SNP <sub>Lit</sub> without <i>APOE</i> locus) significantly outperformed the standard PRS model (median AUC = 0.742, p = 0.006) and the APOE locus model (median AUC = 0.736, p = 5.1 × 10 <sup>-5</sup> ) based on the Mann-Whitney U test, achieving a median AUC of 0.763. This model showed enhanced ability to identify subgroups within the 10% lowest-and highest risk groups compared to the current standard of <i>APOE</i> locus alone (odds ratio = 0.67, 95% CI: 0.56-0.81; and OR = 13.23, 95% CI: 10.23-17.11), highlighting its clinical potential. Using a focused set <b>l</b> iterature-curated pathways outperformed using a broader set of database-derived pathways across configurations. When contrasting strategies for aggregating information across pathways, we observed that using pathways to guide selection of SNPs and then building a single PRS performed comparably to building PRS for each pathway and using machine learning (ML) to aggregate these, though the latter enabled pathway-level interpretability. <b>S</b> imilar trends were observed in the external AIBL validation dataset. Pathway-informed PRS can meaningfully improve genetic risk enrichment for Aβ positivity beyond APOE and standard C+T approaches, provided pathway definitions are carefully curated. The choice of pathway source has the strongest impact on predictive performance with aggregation strategies or ML model choice having far less impact. Our findings highlight the utility of literature-curated, pathway-informed PRSs for Aβ prediction and offer practical guidance for pathway-informed PRS construction in other polygenic traits.",2026 May 27,2026,
pubmed,42242041,https://pubmed.ncbi.nlm.nih.gov/42242041/,Robust and Interpretable AI for Acute Appendicitis: A Simulation-to-Clinical Validation Pipeline.,"Accurate and timely diagnosis of Acute Appendicitis remains a major challenge in emergency medicine, largely because of its overlapping symptoms and heterogeneous clinical presentations. This study introduces the Robust and Interpretable Simulation-Analysis (RISA) framework, a dual-phase methodology designed to evaluate diagnostic classifiers for robustness, generalizability, and interpretability. Six supervised learning algorithms (Fisher Discriminant Analysis, Linear Discriminant Analysis, Quadratic Discriminant Analysis, Logistic Regression, Support Vector Machine, and Random Forest) were systematically assessed through 24 factorial simulation scenarios that varied in class imbalance, dimensionality, covariance structure, and nonlinearity of decision boundaries. The simulation phase was followed by clinical validation on two independent datasets: the adult Appendicitis dataset (n=106) and the Regensburg Pediatric Appendicitis (RPA) dataset (n=782). Model interpretability was investigated using Local Interpretable Model-agnostic Explanations (LIME) and SHapley Additive exPlanations (SHAP). In simulation experiments, Linear Discriminant Analysis and Support Vector Machine exhibited balanced sensitivity and specificity, whereas Random Forest displayed the highest resilience under nonlinear and heterogeneous situations. In clinical validation, Linear Discriminant Analysis attained the greatest AUC of 0.908 on the appendicitis dataset and 0.729 on the RPA dataset. For the Appendicitis dataset, Fisher Discriminant Analysis demonstrated optimal sensitivity (1.00), whereas Quadratic Discriminant Analysis attained flawless specificity (1.00). In the RPA cohort, the Support Vector Machine demonstrated the highest overall discrimination (AUC = 0.762) with consistent fold-wise performance. LIME and SHAP consistently identified clinically established biomarkers, including white blood cell count, neutrophil percentage, and body temperature, supporting the medical validity of the model findings. The RISA framework offers a reproducible and transparent methodology for creating reliable diagnostic artificial intelligence by integrating simulation-based benchmarking with interpretable clinical validation. It connects algorithmic robustness with clinical reliability, facilitating the implementation of explainable machine learning models for the diagnosis of Acute Appendicitis.",2026 May 30,2026,
pubmed,42239812,https://pubmed.ncbi.nlm.nih.gov/42239812/,Handheld hyperspectral imaging dataset of annual sowthistle and little mallow under abiotic stress for machine learning.,"Machine learning has become an increasingly important tool for overcoming agricultural challenges by enabling efficient and consistent classification of crop-related data. Training such supervised models requires high quality labeled datasets. This work presents a dataset consisting of raw and preprocessed hyperspectral imaging (HSI) files capturing reflectance in the visible to near-infrared range (400-1000 nm) from two problematic weed species on California's Central Coast: annual sowthistle (<i>Sonchus oleraceus</i>) and little mallow (<i>Malva parviflora</i>). Hyperspectral imaging provides rich spectral-spatial data cubes that can support the development of deep learning models and autonomous technology for precision weed management. Plants were grown in a greenhouse under five conditions: standard, drought, overwatering, excess fertilizer, and no fertilizer. Custom MATLAB scripts were utilized for preprocessing, including k-means clustering to define regions of interest (ROIs), and extraction of spectral metrics. Data visualization was performed using Wolfram language and MATLAB. The dataset includes both raw and ENVI-formatted hyperspectral cubes and pre-processed MATLAB outputs, supporting spectral feature engineering, benchmark development, and exploratory machine learning workflows for controlled environment stress classification.",2026 Jun,2026,
pubmed,42225794,https://pubmed.ncbi.nlm.nih.gov/42225794/,Respiratory sound-based AI screening of asthma and COPD via multi-feature fusion and CatBoost classification.,"Asthma and chronic obstructive pulmonary disease (COPD) are significant global health burdens with conventional diagnosis relying on resource-intensive spirometry. This paper presents a reproducible multimodal respiratory sound screening model combining complementary acoustic and clinical representations. The proposed method fuses handcrafted spectral-temporal features (MFCCs, chroma, spectral contrast, tonnetz, mel-spectrogram, tempogram) with precomputed cough and vowel embeddings and structured clinical metadata, processed via a class-weighted CatBoost ensemble on the standardized AIRS Kaggle benchmark dataset. The model achieves an overall accuracy of 90.3% with class-wise F1-scores of 0.945 (Healthy), 0.915 (Asthma), and 0.842 (COPD). Systematic ablation experiments confirm the importance of multimodal fusion (-7.8% accuracy without full feature fusion), the attention mechanism (-4.9%), and data augmentation (-6.7%). Additional metrics such as, Matthews Correlation Coefficient (MCC = 0.856) and Cohen's Kappa (κ = 0.849) - confirm robust classification under class imbalance. Structured multimodal feature fusion with gradient boosting enables scalable, reproducible respiratory disease screening applicable to telemedicine. Future work should address prospective validation on diverse, multi-institutional clinical cohorts.",2026 Jun 01,2026,
pubmed,42220328,https://pubmed.ncbi.nlm.nih.gov/42220328/,Imidazolium Lipid-based Nanoparticles Enable Effective mRNA Delivery and Cellular Immune Response.,"Imidazolium LipidBrick<sup>®</sup> cationic lipid nanoparticles (LNPs) provide a pH-independent alternative to conventional ionizable systems for nucleic acid delivery. Through a high-throughput screen of 1,944 formulations spanning eight imidazolium cores, three helper lipids, and varying PEG densities, we found that more than half of the library outperformed the clinical ionizable benchmark ALC-0315 in multiple representative mammalian cell types. Top-performing candidates showed robust cellular uptake, efficient endosomal escape, and strong transgene expression both <i>in vitro</i> and following intramuscular administration. A lead formulation (C3 LNP), incorporating an imidazolium lipid core bearing a hydroxyethyl substituent, with 30 mol% DOPE, achieved comparable intramuscular luciferase expression and antibody titers to ALC-0315, while eliciting ~3-fold stronger ovalbumin-specific IFN-γ<sup>+</sup> T-cell responses and maintaining low cytotoxicity. Machine-learning analysis of the dataset further distilled transferable design rules to inform future formulation strategies. Collectively, these findings establish cationic LipidBrick<sup>®</sup> LNPs as a versatile platform for mRNA delivery, offering a generalizable framework for the high-throughput discovery of ionization-independent systems that effectively prime adaptive immune responses.",2026 Jun,2026,
pubmed,42220148,https://pubmed.ncbi.nlm.nih.gov/42220148/,Drug Repurposing Using Machine Learning and Deep Learning: A Systematic Literature Review.,"Drug repositioning identifies new therapeutic applications for existing drugs, particularly for diseases lacking effective treatments. This approach can significantly reduce the time and cost of drug discovery. Recently, Machine Learning (ML) and Deep Learning (DL) have become pivotal tools in this field, facilitating the analysis of large-scale datasets and enhancing the accuracy, efficiency, and speed of identifying novel drug indications. This systematic review examines recent advances in machine learning and deep learning approaches for drug repositioning. A comprehensive search of multiple databases yielded 24 relevant studies published between 2015 and 2025. The review analyzes model architectures, methodologies, and evaluation metrics, while also investigating data types and key findings related to the repositioned drugs. Results show that deep learning architectures, such as Graph Convolutional Networks (GCN), Deep Neural Networks (DNN), alongside machine learning models like Random Forest (RF), and Support Vector Machines (SVM), are highly prevalent. Across all reviewed studies, predictive models consistently demonstrate strong performance, with most accuracy-based studies reporting values above 90%, while studies using other evaluation metrics also show competitive results. DrugBank, PubChem, and ChEMBL emerged as the primary benchmarked databases, particularly in studies aimed at predicting Drug-Target Interactions (DTIs). While research remains concentrated on oncology and neurodegenerative diseases, the field is rapidly expanding toward other conditions. Our analysis demonstrates a clear move toward advanced deep learning frameworks, which have become the modern pillars for drug repurposing. However, a critical translational gap remains between successful in silico predictions and actual clinical outcomes, primarily due to challenges in model interpretability and data integrity. AI-driven drug repositioning offers a cost-effective strategy to accelerate drug discovery. To achieve real-world medical impact, future research must prioritize interpretable architectures, advanced deep learning frameworks, and robust hybrid models, particularly for treating rare diseases, to bridge the gap between computational success and clinical implementation effectively.",2026 May 25,2026,
pubmed,42215857,https://pubmed.ncbi.nlm.nih.gov/42215857/,PRIME: An evaluation framework for protein representation inference and generalization in viral mutation space.,"Protein language models (PLMs) have revolutionized protein fitness prediction, yet their application to rapidly evolving viral pathogens is often confounded by extreme sequence homology. This homology leads to ""data leakage"" in standard random validation splits, yielding inflated performance metrics that fail to translate into real-world biosurveillance utility. We present Protein Representation Inference for Mutation Evaluation (PRIME), a framework that integrates domain-specific fine-tuning with a rigorous position-stratified validation protocol to evaluate viral threats. Using a dataset of 347,432 SARS-CoV-2 receptor binding domain (RBD) sequences, we demonstrate that while random training data split yields deceptive R<sup>2</sup> values (> 0.90), they fail to generalize to novel mutational sites. By benchmarking models up to 650 M parameters, we show that domain-specific fine-tuning of the ESM-C 600 M model with correctly stratified data provides an initial demonstration of predictive signal for binding affinity and expression at unseen mutational sites of binding affinity and expression on unseen sites (R<sup>2</sup> ~0.23), a significant advancement over base foundation models which exhibit no predictive power (R<sup>2</sup> <0). PRIME's embedding-based clustering identified 3.03% of bat coronavirus sequences as candidates for further experimental prioritization based on their functional similarity to human-infective strains in embedding space, offering a perspective complementary to traditional phylogenetic methods. PRIME establishes a new benchmark for the application of PLMs in pathogen surveillance. Our findings demonstrate that state-of-the-art models and fine-tuning, when paired with stratified validation, provide biologically meaningful insights into pathogen evolution and zoonotic risk.",2026 May 30,2026,
pubmed,42205768,https://pubmed.ncbi.nlm.nih.gov/42205768/,Quantitative sensory testing and classical pain model dataset in 127 healthy volunteers.,"Experimental pain models are integral to human pain research and the development of analgesic drugs. Of many options available, it is possible to identify pain models that reliably predict clinical analgesic efficacy in cost-effective laboratory settings. However, translating experimental findings to clinical practice is imperfect, and laboratory models can only partially replicate specific clinical pain conditions. The present dataset originates from a study that addressed this gap between experimental and clinical pain. The broader study investigated whether patterns of clinical neuropathic pain could be induced, at least to some degree, in healthy human subjects using topical capsaicin application to induce hypersensitization. This dataset provides the baseline control measurements from untreated skin that were obtained as part of this research. The study enrolled 127 healthy volunteers who underwent comprehensive sensory testing. A quantitative sensory testing (QST) battery developed for clinical diagnosis by the German Research Network on Neuropathic Pain was utilized to characterize baseline sensory function and pain sensitivity. The dataset is provided in both its original (raw) and transformed formats. Key pain data are presented as a 127×23 matrix (127 cases and 23 QST variables). Transformations include sign inversion for certain variables to align pain sensitivity, directionality, unit conversions, and log transformations based on psychophysical principles. A separate metadata file documents participant characteristics, such as age, sex, test site allocation (hand or foot), and body side tested. This dataset has significant potential for reuse. Researchers can use it to benchmark new pain assessment tools, validate experimental pain models, and develop or test statistical and computational methods for analyzing sensory and pain data. The inclusion of demographic variables allows for the investigation of how age and sex influence pain perception. The structure of the dataset supports secondary analyses, integration into machine learning workflows as independent validation data, and use as a reference in future pain research. All data are anonymized and formatted to facilitate reproducibility and secondary use.",2026 Jun,2026,
pubmed,42205168,https://pubmed.ncbi.nlm.nih.gov/42205168/,A Clustering-Based Machine Learning Approach for Mortality Prediction in Gastrointestinal Bleeding: Development and Validation.,"Gastrointestinal bleeding (GIB) is a life-threatening emergency with considerable morbidity and mortality. Traditional risk scores like AIMS65 and Glasgow-Blatchford Score (GBS) are limited in capturing nonlinear clinical interactions. We developed and externally validated a machine learning model to predict 30-day mortality in GIB patients. We retrospectively analyzed 5453 emergency department patients with GIB from the Medical Information Mart for Intensive Care IV-Emergency Department database for model development, with external validation using 7166 patients from Jefferson Health. Sixteen clinical and laboratory variables were selected based on a literature review and clinical relevance. The development cohort was divided into training (80%) and internal validation (20%) sets. Survivors were partitioned into 24 clusters using K-means, with separate random forest models trained on each cluster, combined with all deceased cases. Performance was evaluated using the area under the receiver-operating characteristic curve, sensitivity, and specificity on the external validation set, then benchmarked against AIMS65 and the GBS. The model achieved an area under the receiver-operating characteristic curve of 0.884 (95% confidence interval: 0.863-0.905) on internal validation and 0.882 (95% confidence interval: 0.863-0.900) on external validation, significantly outperforming AIMS65 (0.737) and GBS (0.768) (<i>P</i> < .001). At the optimal threshold, the model achieved 87.9% sensitivity and 74.3% specificity on the external validation cohort. At maximum sensitivity thresholds, the model maintained higher specificity (54.4%) than AIMS65 (29.7%) and GBS (17.0%) (<i>P</i> < .001). Clustering identified distinct phenotypes with mortality ranging from 0.6% to 15.3%. SHapley Additive exPlanations analysis identified age, albumin, hemodynamic parameters, and presenting hemoglobin and platelet count as key predictors. Our model provides superior risk stratification for 30-day mortality in GIB compared to conventional scores, with validated generalizability and potential for integration into electronic health record systems.",2026,2026,
pubmed,42199375,https://pubmed.ncbi.nlm.nih.gov/42199375/,Optimized Quantitative Bacterial Two-Hybrid (qB2H) for Protein-Protein Interaction Assessment.,"Characterizing mutation effects on protein-protein interactions (PPIs) is crucial for elucidating protein structure and function. Massively parallel PPI variant analyses such as deep mutational scanning enable interface identification and generate datasets for machine learning. <i>In cellulo</i> strategies such as two-hybrid systems provide straightforward access to such data, but reliability depends on quantitative properties. Here, we show that existing bacterial two-hybrid (B2H) systems have limitations constraining accurate dataset generation. We engineered and benchmarked optimized quantitative B2H (qB2H) alternatives, enabling strain-independent assays, improved metrics, and generation of high-quality datasets. We demonstrate qB2H utility through interface mapping and binder optimization. Perturbation analysis of single-site variants accurately recovered known antisilencing function 1 (ASF1) complex contact positions, matching crystallographic data. Integration of generative artificial-intelligence-based design yielded an ASF1-binding peptide with a 70-fold increase in affinity. qB2H offers to R&D scientists a robust, reusable platform for quantitative PPI analysis, enabling both rational protein engineering and data-driven discovery. Code, data, and materials were made available to the community.",2026,2026,
pubmed,42199034,https://pubmed.ncbi.nlm.nih.gov/42199034/,Comparative machine learning for accurate EEG-based epileptic seizure state classification using sub-band analysis.,"Timely identification of seizure-related EEG states can support clinical assessment and motivate future monitoring tools. This study investigates a comparative machine-learning framework for EEG-based epileptic seizure state classification using sub-band analysis of the Bonn University EEG dataset. The signals are decomposed into delta, theta, alpha, beta, and gamma bands with bandpass filtering, and a set of lightweight statistical descriptors is extracted from each band. Support Vector Machines, Random Forest, XGBoost, CatBoost, Multi-Layer Perceptron, k-Nearest Neighbours, and Logistic Regression are then evaluated using multi-class ROC analysis, confusion matrices, precision, recall, F1-score, and accuracy. The results show that tree-based models, particularly XGBoost, CatBoost, and Random Forest, provide the strongest overall performance on this benchmark. The manuscript is now framed as a three-state EEG classification study rather than prospective seizure forecasting, and the discussion highlights the limited size of the Bonn dataset, the need for validation on larger datasets such as CHB-MIT and Siena Scalp EEG, and the requirements for future real-time deployment.",2026 May 27,2026,
pubmed,42194312,https://pubmed.ncbi.nlm.nih.gov/42194312/,"Medical Image Segmentation Methods: A Decision-Guided Survey Covering 2D/3D CNNs, Transformers, VLMs, SAM-Based Models and Diffusion Approaches.","Recent advances in medical image segmentation have introduced a wide spectrum of deep learning paradigms, including 2D/3D convolutional neural networks (CNNs), transformer-based architectures, vision-language models (VLMs), prompt-driven foundation models such as Segment Anything Model (SAM), and diffusion-based approaches. Although these methods have demonstrated remarkable performance across MRI, CT, PET, ultrasound, and endoscopic imaging, the rapid proliferation of architectures has created methodological uncertainty regarding optimal model selection under varying clinical and data constraints. Existing surveys primarily focus on architectural categorization, yet provide limited guidance for decision-oriented model selection. This study presents a comprehensive and decision-guided survey that systematically analyzes segmentation paradigms across imaging modalities, task types, dataset characteristics, and evaluation protocols. Beyond taxonomy, we propose a practical model selection framework that links clinical scenarios, such as small lesion detection, multi-organ 3D segmentation, limited-data regimes, and domain shift, to appropriate segmentation strategies. Furthermore, robustness, generalization, annotation variability, and benchmarking reproducibility are critically examined. By integrating architectural taxonomy, cross-modal comparative analysis, and a structured decision framework, this work provides a clinically oriented roadmap for selecting segmentation methods and highlights future research directions toward reliable and reproducible medical AI systems.",2026 May 15,2026,
pubmed,42188456,https://pubmed.ncbi.nlm.nih.gov/42188456/,Wastewater Membrane Bioreactors: A Comprehensive Review of Explainable Artificial Intelligence and Digital Twin Applications.,"Wastewater membrane bioreactors (MBRs) have become an important advanced treatment technology due to their ability to produce high-quality effluent suitable for discharge and water reuse. However, their broader and more sustainable application remains constrained by membrane fouling, elevated energy demand, and the operational complexity of coupled biological and membrane separation processes. This comprehensive review critically evaluates the growing application of machine learning (ML), explainable artificial intelligence (XAI), and digital twin (DT) technologies in MBR systems. Published studies on fouling prediction, energy optimization, effluent quality estimation, and intelligent operational support are critically evaluated, with explicit attention to model performance, dataset limitations, and generalizability. The reviewed literature shows that ML models, particularly ensemble methods, support vector machines, and deep learning approaches, have demonstrated strong potential for predicting major MBR performance indicators, including transmembrane pressure, permeate flux, fouling resistance, and selected effluent-quality variables. In parallel, XAI methods such as SHAP, LIME, and Anchors are increasingly being used to enhance model transparency and to reveal the dominant factors controlling process performance. Digital twin frameworks further extend this potential by enabling the integration of mechanistic understanding, online sensor data, data-driven prediction, and interpretable decision support within real-time operational platforms. Nevertheless, several barriers continue to hinder practical implementation, including the limited number of full-scale studies, the scarcity of openly accessible and standardized datasets, insufficient consideration of uncertainty and model drift, and the early-stage maturity of DT deployment in operational plants. The evidence reviewed suggests that integrating ML, XAI, and DT can substantially improve the reliability, interpretability, and operational efficiency of MBR systems. Future research should therefore focus on full-scale validation, the development of benchmark datasets, uncertainty-aware modeling, and practical deployment strategies for interpretable intelligent MBR management.",2026 May 21,2026,
pubmed,42185488,https://pubmed.ncbi.nlm.nih.gov/42185488/,A dataset of 1.2 million molecules with DFT-level quantum chemical annotations for molecular representation learning.,"An informative molecular representation is prerequisite for the accurate prediction of molecular property by machine learning, but demands large-scale data enriched with detailed physicochemical information for its effective learning. Here, we introduce qcMol, a dataset consisting of 1.2 million molecules with DFT-level quantum chemical annotations, to facilitate molecular representation learning. Chemicals in this dataset include drug-like compounds, metabolites and molecules with matched experimental data, covering 247,448 kinds of scaffolds and a broad spectrum of molecular sizes. Each compound in qcMol is annotated with multiple quantum descriptors, obtained through reliable quantum chemical calculations at the level of B3LYP-D3/def2-SV(P)//GFN2-xTB as well as the follow-up wave function post-analysis. These features are organized into multiple formats, allowing for flexible integration into diversified molecular representation learning frameworks. qcMol can serve as not only the pre-training resource but also the benchmark test set for machine learning models, benefiting the practical in silico drug discovery.",2026 May 26,2026,
pubmed,42181298,https://pubmed.ncbi.nlm.nih.gov/42181298/,"Frangipani, hibiscus, marigold, and rose leaf imageimagemagei dataset for plant species identification.","The Frangipani-Hibiscus-Marigold-Rose (FHMR) Leaf Image Dataset is a curated, field-collected image resource designed to support reproducible research in plant species identification and computer vision-based agricultural applications. The dataset comprises 1080 original leaf images (270 per species) captured from healthy plants in nursery environments, along with 6480 systematically generated augmented images (six per original), resulting in a total of 7560 images. All images are standardized to 512 × 512 pixels in JPEG format. Image acquisition was conducted in Savar, Dhaka, Bangladesh, using an iPhone 14 Pro camera under both neutral and natural background conditions. Augmentation was performed using a deterministic, parameter-bounded pipeline (random seed = 42), incorporating geometric and photometric transformations to enhance variability while maintaining biological plausibility. In addition to the image files, the dataset repository provides a complete metadata manifest, augmentation scripts, and environment specifications to ensure transparency and repeatability. The FHMR dataset is publicly available via Mendeley Data (DOI: 10.17632/tkgbrvb2c2.4) under a CC BY 4.0 license and serves as a benchmark resource for machine learning-based plant species recognition and related computer vision tasks.",2026 Jun,2026,
pubmed,42180889,https://pubmed.ncbi.nlm.nih.gov/42180889/,Machine learning-based early survival prediction in early-onset hepatocellular carcinoma: a SEER-based multi-model comparative study.,"Early-onset hepatocellular carcinoma (eHCC) presents distinct clinical challenges; however, prognostic determinants remain inadequately characterized. This study aimed to develop and validate machine learning (ML) models to predict early survival in patients with eHCC and to identify key prognostic factors. Patients diagnosed with eHCC were identified from the Surveillance, Epidemiology, and End Results (SEER) database [2010-2021] based on predefined inclusion criteria. The cohort was randomly partitioned into training (70%) and validation (30%) sets. Five ML algorithms were implemented: multilayer perceptron (MLP), logistic regression (LR), support vector machine (SVM), random forest (RF), and extreme gradient boosting (XGBoost). Additionally, a conventional model based on the American Joint Committee on Cancer (AJCC) staging system was constructed as a benchmark for comparison with the ML-based models. Model discrimination was assessed by the area under the receiver operating characteristic curve (AUC). Calibration curves and complementary metrics quantified predictive accuracy. The SHapley Additive exPlanations (SHAP) framework was employed to rank variable importance and interpret model predictions. A total of 1,922 patients with eHCC were included, of whom 1,345 were assigned to the training cohort and 577 to the validation cohort. Thirteen clinicopathological and treatment-related variables were incorporated into the analysis, including age, sex, race, pathological grade, surgical status, AJCC stage, SEER stage, tumor size, alpha-fetoprotein (AFP) level, marital status, radiotherapy, chemotherapy, and macrovascular invasion. The RF model demonstrated optimal performance in the validation cohort, achieving an AUC of 0.80, accuracy of 0.72, precision of 0.71, recall of 0.81, and F1 score of 0.75. This substantially outperformed the AJCC staging-based model with AUC of 0.66, representing a ΔAUC of 0.14 and 21.2% relative improvement. SHAP analysis identified surgical intervention as the dominant predictor in the RF model. The RF model demonstrated robust discriminative ability for predicting early survival in eHCC patients. This validated model can facilitate risk stratification and inform individualized therapeutic decisions for patients with eHCC.",2026 Apr 30,2026,
pubmed,42180430,https://pubmed.ncbi.nlm.nih.gov/42180430/,The impact of biologically relevant negative samples on machine learning-based B-cell epitope prediction for Influenza A.,"Predicting linear B-cell epitopes remains a major challenge in immunoinformatics, particularly for rapidly evolving viruses such as Influenza A. Many existing predictors rely on heterogeneous training datasets, poorly defined negative samples, or low-interpretability models, which can limit performance on pathogen-specific tasks. Improving prediction therefore requires biologically meaningful datasets together with informative and interpretable sequence representations. We developed a machine learning framework based on sequence-derived physicochemical descriptors for linear B-cell epitope prediction in Influenza A. A curated dataset of experimentally validated epitopes and non-epitopes was constructed using redundancy reduction and balanced sampling strategies. Five supervised classifiers were evaluated, and the effect of real versus artificial negative datasets was systematically assessed. Feature selection using Analysis of Variance and Mutual Information showed that predictive performance emerged from the combined contribution of multiple descriptors rather than single variables. The best model, Random Forest, achieved 82% accuracy, 83% F1-score, a Matthews correlation coefficient of 0.65, and an area under the receiver operating characteristic curve of 0.90. Benchmarking against widely used tools showed improved balanced performance on our curated Influenza A dataset. Source code, processed datasets, and reproducible analysis scripts are freely available at GitHub: https://github.com/cparejabarrueto/epitopes.",2026,2026,
pubmed,42174839,https://pubmed.ncbi.nlm.nih.gov/42174839/,Distribution Shift Analysis in Generalizable Modelling: Intensive Care Time-Series Data.,"In this paper, we investigate how distribution shift affects model generalizability in medical time-series from intensive care. We define clinically relevant domain adaptation scenarios for predicting hypotension and hypoxemia using the MIMIC-III Matched Waveform Database v1.0. Distribution shift is quantified via the Kolmogorov-Smirnov test (KS) applied to an interpretable, lower-dimensional data representation. Our results highlight the challenges of measuring covariate, prior probability, and semantic shifts in non-stationary multivariate time series. We observed linear correlation (0.74 and 0.99) between KS(source train, target) - KS(source train, source test) and RMSE difference when comparing in-distribution and out-of-distribution model performance. We argue that developing and benchmarking data-driven models should explicitly account for modality-specific data shift characteristics.",2026 May 21,2026,
pubmed,42174361,https://pubmed.ncbi.nlm.nih.gov/42174361/,Machine learning outperforms serum creatinine for early risk stratification of hepatorenal syndrome: a prospective single-center validation.,"The early diagnosis of hepatorenal syndrome (HRS) is constrained by the reliance on serum creatinine, a biomarker with well-documented limitations in sensitivity and timeliness, contributing to diagnostic delays and adverse outcomes. Machine learning (ML) offers a potential solution, but its translation is hindered by two critical gaps: the absence of prospective, head-to-head validation against the clinical standard, and inadequate assessment of model robustness against temporal data distribution shift-a pivotal challenge for real-world deployment. We developed an XGBoost model using a retrospective cohort of patients with decompensated cirrhosis (n = 464). Its performance was then prospectively validated in a completely independent, temporally distinct cohort (n = 269) in a direct comparison against the serum creatinine diagnostic standard. The prospective cohort was further split into sequential subsets to assess short-term internal temporal robustness. The evaluation framework encompassed diagnostic performance, interpretability (SHAP analysis), clinical utility (decision curve analysis), and health economic evaluation. The model demonstrated exceptional discriminatory accuracy, with an area under the receiver operating characteristic curve (AUC) of 0.994 (95% bias-corrected and accelerated bootstrap CI: 0.985-0.998). This represented a substantial and statistically significant improvement over serum creatinine-based diagnosis (AUC = 0.803; p < 0.001). The model's predictions were well-calibrated, and its performance remained stable in the limited internal temporal robustness assessment. The health economic evaluation established the model's decisive cost-effectiveness, with an incremental cost-effectiveness ratio (ICER) of 571 EUR per quality-adjusted life year (QALY), substantially below major international willingness-to-pay thresholds, including Indonesia's benchmark of 3853 EUR/QALY. This study provides three key contributions: (1) conclusive, prospective evidence that an ML model significantly outperforms the current serum creatinine standard for HRS risk stratification; (2) a novel methodological framework for proactively assessing temporal robustness, which demonstrated stability in a short-term, single-center setting; and (3) compelling evidence of the model's accuracy, clinical utility, and cost-effectiveness within a rigorous, single-center prospective validation. While these results establish a high-fidelity proof of concept, the essential next steps are external validation across multiple centers to confirm generalizability and the assessment of resilience to longer-term, real-world dataset shifts before any consideration of broader clinical implementation.",2026 May 22,2026,
pubmed,42165009,https://pubmed.ncbi.nlm.nih.gov/42165009/,"The AHEPA EEG benchmark: setting the standard for machine learning in dementia diagnosis, a scoping review.","Accurate and reproducible electroencephalography (EEG)-based classification of dementia remains a key challenge in computational neurodiagnostics. The open-access AHEPA dataset has become the most commonly used benchmark for Alzheimer's disease (AD) and Frontotemporal dementia (FTD) classification, yet reported results vary widely due to methodological inconsistencies. This study presents the first systematic and quantitative benchmark review of all published machine learning approaches applied to the AHEPA dataset. Forty-six studies were reviewed and stratified into three validity tiers, with Validity 1 representing the highest methodological rigor and Validity 3 the lowest.According to their evaluation rigor: (1) subject-level validation (e.g., Leave-One-Subject-Out cross-validation, LOSO-CV), (2) subject-level train/test splits, and (3) epoch-level k-fold cross-validation. Performance metrics were normalized across classification problems. The analysis revealed that methodological rigor is inversely correlated with reported accuracy: for AD versus Cognitively Normal controls, mean accuracy decreased from 90.81% overall to 82.11% in Validity-1 studies; for FTD versus controls, accuracy dropped from 86.53% to 75.18%. Linear regression analyses demonstrated that weaker validation protocols were associated with systematic increases of 7-10% points in reported accuracy, explaining more than half of the observed performance variance. Deep and hybrid models reported the highest nominal accuracies, but under proper validation, traditional algorithms performed comparably, indicating that data leakage often drives apparent improvements. The review also highlights the lack of cross-configuration generalization and the urgent need for adaptive, montage-independent methodologies. Overall, this benchmark establishes the first reproducible reference framework for EEG-based dementia classification on the AHEPA dataset, providing quantitative baselines and validity criteria against which all future studies should be evaluated.",2026 Dec,2026,
pubmed,42162171,https://pubmed.ncbi.nlm.nih.gov/42162171/,DeepShieldIDS: an AI-powered intrusion detection system leveraging HybridIDSNet for robust network security.,"Traditional Intrusion Detection Systems (IDSs) are largely unable to provide the level of protection required to safeguard modern network environments against ever-evolving cyber threats. Conventional machine-learning-based feature representations are static and cannot capture temporal behaviour in network traffic, limiting performance under heterogeneous conditions. Deep learning approaches have improved detection accuracy, but challenges remain in feature diversity, class imbalance, and cross-environment generalisation. To overcome these limitations, we propose DeepShieldIDS, a hybrid deep learning-based network intrusion detection framework built on established convolutional neural networks (CNNs), long short-term memory (LSTM) networks, and an attention mechanism, all integrated into a single evaluation pipeline. The HybridIDSNet utilises spatial feature extraction, temporal sequence modelling and feature-weighting attention in a single framework to improve traffic classification performance. We conduct experiments on two benchmark datasets, CIC-IDS2017 and UNSW-NB15, in independent and cross-dataset evaluation settings. The model outperforms classical machine learning models (Random Forest, SVM, and XGBoost) and Categorical CNN and LSTM baselines, achieving accuracies of 97.98% and 98.02% with ROC-AUC scores of 99.05% and 99.12%, respectively. Evaluation is confined to supervised benchmark settings, while cross-dataset validation suggests better generalisation with heterogeneous traffic distributions. The proposed framework focuses on a deployment-oriented architecture and a formalised pre-processing procedure, providing an overview of scalable hybrid deep learning solutions for network intrusion detection.",2026 May 20,2026,
pubmed,42162090,https://pubmed.ncbi.nlm.nih.gov/42162090/,A reproducible benchmark of QRS detection algorithms across diverse ECG datasets and noise conditions.,"Accurate R-peak detection in electrocardiograms is critical for heart rate monitoring, heart rate variability analysis, and cardiac condition diagnosis. However, reliable detection remains challenging in real-world scenarios due to noise, artifacts, and signal variability. A key limitation in current research is the lack of reproducibility and comparability, as algorithms are often tested on varying datasets, hindering direct performance comparisons. To address this, we benchmark 17 R-peak detection algorithms, encompassing traditional signal processing, machine learning, and deep learning approaches, within a unified evaluation framework using five open-access ECG datasets from the PhysioNet platform. These databases represent diverse conditions, including long-term monitoring, arrhythmias, and noisy environments, enabling a standardized evaluation. Our results reveal that under a strict cross-dataset generalization setting, in which ML and DL models were trained on a single dataset without any target-domain adaptation, traditional signal processing methods provided more consistent overall performance. This highlights a trade-off between peak performance on familiar data and generalizable performance under distribution shift, whose extent for data-driven methods may depend substantially on training diversity. To support reproducibility and future benchmarking, we provide a fully open evaluation framework including all implementations, dataset references, and evaluation pipelines. These findings offer guidance for researchers and clinicians selecting R-peak detection algorithms for diverse clinical and practical scenarios.",2026 May 20,2026,
pubmed,42156417,https://pubmed.ncbi.nlm.nih.gov/42156417/,Quantum machine learning for predicting anastomotic leak: a clinical study.,"Anastomotic leak is a life-threatening complication following colorectal surgery. This study benchmarks Quantum Neural Networks (QNNs) against hyperparameter-tuned classical models (logistic regression, multi-layer perceptrons, boosting algorithms) for anastomotic leak prediction. Using a 200-patient clinical dataset strictly bounded by a priori medical constraints, we simulated QNNs with ZZFeatureMap encoding and EfficientSU2/RealAmplitudes ansatze under realistic hardware noise. To ensure statistical reliability, performance metrics were averaged across 10 independent optimization runs. The EfficientSU2-BFGS configuration achieved the highest mean AUC of [Formula: see text], while RealAmplitudes with CMA-ES maximized Average Precision ([Formula: see text]). Crucially, at a fixed, clinically necessary sensitivity of [Formula: see text], specific QNN configurations achieved significantly higher specificity (up to [Formula: see text]) and Negative Predictive Value (up to [Formula: see text]) compared to classical models (maximum [Formula: see text] and [Formula: see text], respectively), effectively minimizing false positives. However, classical models maintained superior probability calibration for continuous risk stratification. We conclude that QNNs offer robust discriminative performance for clinical screening, warranting further validation on larger, independent cohorts.",2026 May 19,2026,
pubmed,42154787,https://pubmed.ncbi.nlm.nih.gov/42154787/,Artificial intelligence in antimicrobial drug discovery: predictive and generative strategies.,"The slow pipeline of antimicrobial drug development stands in stark contrast to the continued expansion of microbial infections, which pose a persistent and major threat to global public health. Traditional discovery strategies, including natural product extraction, structural modification and high-throughput screening, are limited by low efficiency, high costs and slow innovation. Artificial intelligence (AI), particularly machine learning, deep learning, and natural language processing, is now reshaping drug discovery, bringing unprecedented speed and precision to the development of novel antimicrobial drugs. This review summarizes recent advances and challenges in AI-driven strategies for discovering antimicrobial drugs against bacterial, fungal, and viral infections, covering major drug classes including small molecules, peptides, phages, and protein drugs. The article was based on literature retrieved through a structured, iterative search of major scientific databases (PubMed, Web of Science, Scopus), with a focus on studies published between 2020 and 2025. The integration of AI-driven predictive and generative strategies will be the defining cornerstone of the next decade's 'autonomous discovery' paradigm for antimicrobial drug development, despite current enduring challenges including data bias, lack of standardized benchmarking frameworks, and clinical translational gaps.",2026 Jun,2026,
pubmed,42153366,https://pubmed.ncbi.nlm.nih.gov/42153366/,Comprehensive Review of Contrastive and Generative Self-Supervised Learning for Small Molecular Representation.,"Drug discovery is a complex and resource-intensive process, where developing effective computational tools to analyze vast and heterogeneous molecular data is paramount. In this landscape, contrastive and generative learning have emerged as two foundational paradigms for molecular representation learning, driving significant advances. The core of these approaches lies in efficiently learning information-dense embeddings by leveraging diverse data modalities, from a molecule's intrinsic 1D, 2D, and 3D structure to its extrinsic context within complex biological networks. The resulting representations provide robust features for a wide array of downstream applications, including molecular property prediction (MPP), interaction analysis, and drug design. This review provides a comprehensive and systematic survey of these two domains. We begin by detailing the essential public databases and benchmarks that support modern research, then conduct an in-depth analysis of contrastive and generative methodologies, first as they apply to single-molecule representations and subsequently as they are adapted for learning from drug interaction networks. Finally, we discuss the pressing challenges and future directions shaping the field, from refining learning strategies to the push toward synergistic, multimodal foundation models. By summarizing the state of the artand providing a structured perspective on current trends and future opportunities, this review serves as a valuable guide for researchers in bioinformatics, chemistry, and artificial intelligence, aiming to foster innovation and accelerate the application of advanced representation learning in modern drug discovery.",2026 Jun 08,2026,
pubmed,42152064,https://pubmed.ncbi.nlm.nih.gov/42152064/,ITMol: a molecular image-text foundation model bridging the semantic gap for property prediction and retrieval.,"Multimodal foundation models demonstrate remarkable understanding ability to perform accurate molecular representation, including SMILES sequence-text and molecular graph-text representations. Molecular images represent another molecular modality that provides a more intuitive way to capture the spatial structural relationships of molecules. Existing models suffer from integrating image-text modalities for molecular property prediction, largely due to (1) the scarcity of high-quality image-text paired datasets, as existing molecular databases predominantly contain structural representations (SMILES, graphs) with limited descriptive text tailored for visual molecular understanding, and (2) the fundamental semantic gap between molecular images and textual descriptions, where complex visual features must be precisely aligned with domain chemical terminology and functional descriptions. In this study, we present a molecular image-text foundation model, named ITMol, pretrained on 500k molecular image-text pairs. Specifically, ITMol addresses the scarcity of high-quality image-text paired datasets by constructing a comprehensive dataset through collection from chemical databases and automated generation using MolT5 to create high-quality image-text pairs, and tackles the fundamental semantic gap between molecular images and textual descriptions by implementing a sophisticated cross-attention mechanism designed specifically for molecular modalities, coupled with three complementary self-supervised learning strategies. We demonstrate the high performance of ITMol in molecular property prediction across 8 benchmark datasets, achieving an ROC-AUC score of 0.885 on the BBBP dataset. ITMol shows high R@5 scores on a dataset of 100k molecules in the cross-modal retrieval task. We further illustrate interpretability of ITMol using key chemical structures and functional groups. ITMol provides an effective framework for integrating 2D molecular images and molecular textual descriptions. The results show that image-text multimodal pretraining can improve molecular representation learning for property prediction and retrieval, offering a useful direction for multimodal molecular modeling.",2026 May 18,2026,
pubmed,42151765,https://pubmed.ncbi.nlm.nih.gov/42151765/,Prediction of HIV-1 sensitivity to broadly neutralizing antibodies using statistical distribution sampling (SDS) technology.,"Accurately predicting HIV-1 sensitivity to broadly neutralizing antibodies (bNAbs) is a critical step in advancing the development of effective therapeutic and preventive strategies against HIV-1. Due to the virus's extraordinary genetic diversity and rapid mutation rate, traditional experimental methods for assessing bNAb sensitivity are labor-intensive, time-consuming, and limited in scalability. However, current machine learning approaches prioritize feature significance while neglecting to address class imbalance and systematic biases in multi-laboratory datasets. To address these limitations, we develop the Statistical Distribution Sampling (SDS) method, a novel statistical framework that systematically addresses data imbalance and cross-institutional variance. Firstly, the amino acid sequence is converted into a numerical vector via the k-string method. Then, antibodies are classified as effective or ineffective based on IC50/IC80 thresholds, with a stratified random subset selected as the Sampling generator. Each vector dimension's distribution is characterized through histogram analysis and kernel density estimation. Afterwards, 500 data points are sampled from the distribution of each column for each category. The assembled Statistical Distribution Sampling (SDS) matrix integrates column features, which combined with the Sampling generator, produces the final training dataset. Antibody efficacy predictions are ultimately generated through integration with the Random Forest algorithm. This approach enables comprehensive prediction of all database sequences while achieving strong predictive performance. Through 10 independent trials per antibody, our method achieved statistically superior AUC and ACC performance compared to the LBUM and SLAPNAP benchmarks. Moreover, our method demonstrates significantly lower standard deviation across 10 runs than both counterparts, proving its consistent robustness across diverse antibody scenarios.",2026 May 18,2026,
pubmed,42148089,https://pubmed.ncbi.nlm.nih.gov/42148089/,CFD<sup>+</sup>CD14<sup>+</sup> monocytes: potential pathogenic subset in myasthenia gravis uncovered by multi-omics integration and machine learning analysis.,"Transcriptome-wide association study (TWAS) contributes to discovering novel susceptibility genes related to diseases. Single-cell RNA sequencing (scRNA-seq) has been extensively applied to characterize cellular heterogeneity in various biological and pathological conditions. However, few studies have integrated TWAS and scRNA-seq to decode the pathogenesis of myasthenia gravis (MG) at cellular resolution. We integrated multi-omics data from GEO, genome-wide association study (GWAS) catalog, and Genotype-Tissue Expression (GTEx) databases, including scRNA-seq data, GWAS summary data, and expression quantitative trait loci. A set of risk genes genetically associated with MG were identifies using TWAS analysis. TWAS activity status across cell types in MG at single cell resolution was assessed based on these genes. Seven machine learning algorithms were performed to identify high TWAS activity related signature genes. Machine learning benchmark was incorporated to select the best model using R package ""mlr3"". Meanwhile, we performed scRNA-seq on peripheral blood collected from MG patients and healthy controls to generate a validation dataset. scRNA-seq analysis revealed an elevated proportion of CD14<sup>+</sup> monocytes in MG patients, accompanied by notable transcriptomic reprogramming. Compared with other cell types, CD14<sup>+</sup> monocytes exhibited higher TWAS activity. High TWAS activity subsets mainly enriched in the MG group and functionally associated with mTORC1 signaling, complement, and inflammatory response pathways. Machine learning-based feature selection revealed six robust signature genes (FKBP15, EHMT1, CHPT1, KLC1, SCPEP1, and CFD). Among these, CFD showed elevated expression early in high TWAS activity monocyte development. Compared to control group, CFD maintained higher levels throughout disease progression in MG group. CFD<sup>+</sup>CD14<sup>+</sup> monocytes exhibited enhancer plasticity than CFD<sup>-</sup> CD14<sup>+</sup> monocytes and were related to complement and coagulation cascades, antigen processing and presentation, and proteasome pathways. CFD<sup>+</sup>CD14<sup>+</sup> monocytes in MG exhibit enhanced intercellular communication activity compared to CFD<sup>-</sup> cells, demonstrating greater signal reception and transmission capacity. In summary, this study systematically delineates the important role of CFD<sup>+</sup>CD14<sup>+</sup> monocytes in MG pathogenesis through multi-omics analysis, providing novel insights for a deeper understanding of MG immunopathology and potential therapeutic targets.",2026,2026,
pubmed,42139138,https://pubmed.ncbi.nlm.nih.gov/42139138/,Upper and Lower-Limb Motor Decoding for Adaptive and Generalized Neural Rehabilitation.,"Decoding motor intentions from electromyographic (EMG) signals holds transformative potential for neurorehabilitation and assistive technologies, yet existing approaches remain fundamentally constrained by limb-specific architectures, poor generalization across individuals and recording sessions, and an unsustainable dependence on large volumes of labeled data. Here we present a unified cross-limb framework that, for the first time, systematically addresses both upper- and lower-limb motor decoding within a single, consistent learning paradigm. The framework operates through two complementary levels of generalization: at the data level, a principled feature selection process identifies domain-invariant representations transferable across heterogeneous EMG datasets; at the architecture level, a Reptile-based meta-learning mechanism enables rapid few-shot adaptation through self-supervised confidence-based pseudo-labeling, eliminating the need for ground-truth annotations during deployment. A bias-aware sampling strategy further stabilizes iterative adaptation by enforcing balanced class distributions under low-data conditions, mitigating confirmation bias in self-supervised convergence. Evaluated across nine public benchmarks spanning 170 subjects, the framework achieves state-of-the-art decoding accuracy under inter-session, inter-subject, and inter-dataset conditions for both limb types, while retaining subject-specific adaptability without repeated recalibration, offering a scalable and clinically viable pathway toward comprehensive motor-intention decoding in real-world rehabilitation settings.",2026,2026,
pubmed,42137320,https://pubmed.ncbi.nlm.nih.gov/42137320/,"Computational approaches for drug-drug interaction prediction: a systematic review of data sources, modeling strategies, and evaluation frameworks.","Drug-drug interactions (DDIs) are a major cause of preventable harm in polypharmacy and remain difficult to anticipate as formularies, indication profiles, and interaction labels evolve. Over the last few years, the DDI modeling landscape has shifted rapidly toward graph-native, multimodal, and contrastive or self-supervised learning, alongside renewed interest in extraction, decision support, and pharmacovigilance pipelines. This systematic literature review (SLR) synthesizes computational work on DDI prediction, event-type classification, text extraction, and safety signal detection published between 2022 and 2025. We aim to (i) organize recent methods into a feature-method taxonomy, (ii) compare their evaluation setups and reported performance, and (iii) assess progress on generalization, explainability, and clinical translation. Using a prespecified review protocol and PRISMA 2020 reporting guidance, we searched major bibliographic databases and screened peer-reviewed studies that proposed or evaluated computational methods for DDIs or closely related interaction tasks. Eligible work spans molecular graph and descriptor models, multimodal pharmacological representations, heterogeneous and knowledge graphs, text-based extraction and retrieval, and real-world evidence from EHRs, FAERS, and similar sources. We grouped methods into similarity and matrix-factorization baselines, conventional machine learning, deep neural architectures (CNNs, RNNs, and Transformers), graph neural networks and knowledge-graph representation learning, multimodal fusion, contrastive/self-supervised objectives, and emerging LLM-based frameworks. For each study, we extracted feature modalities, tasks, datasets and splits, metrics, explainability tools, and any form of clinical or user-centred evaluation. Recent work consistently reports improved AUROC/AUPR on DrugBank-derived, TWOSIDES-like, and DDIExtraction benchmarks, driven by substructure-aware GNNs, KG-augmented architectures, multimodal fusion, and inductive or out-of-distribution training regimes. However, most models still rely on a small set of public datasets, heterogeneous and sometimes optimistic split protocols, and limited external or prospective validation. Event-level and long-tailed risk modeling, prompt- or prototype-based learning, and LLM-assisted extraction strengthen coverage of rare but clinically important interaction types, yet uncertainty quantification, label quality assessment, and end-to-end integration into prescribing workflows remain underexplored. Between 2022 and 2025, DDI modeling has moved decisively toward graph-centric, multimodal, and contrastive/self-supervised paradigms that clearly advance benchmark performance but only partially close the gap to reliable, mechanism-aware clinical decision support. We distill design guidelines and a research agenda around transparent dataset construction, realistic and standardized evaluation protocols, mechanism- and direction-aware modeling, robustness to novel drugs and regimens, and prospective, clinician-in-the-loop validation.",2026,2026,
pubmed,42130939,https://pubmed.ncbi.nlm.nih.gov/42130939/,VoxelCoder: Classification of human cellular phenotypes via autoencoder batch alignment and hyperdimensional representation of cytometry data.,"Technical variations in sample processing and instrument calibration, known as batch effects, can obscure true biological signals in cytometry data, impeding the integration of large-scale datasets. We present an autoencoder neural network approach that achieves batch correction comparable to that in existing methods while better preserving biological variation. Following alignment, cellular datasets are projected into a hyperdimensional voxel space that maintains interpretable marker-based features without requiring abstract latent dimensions, ensuring that identified cell populations remain fully interpretable. We benchmark this approach using a purpose-generated mouse splenocyte dataset with synthetic batch effects, demonstrating superior biological signal preservation compared to existing tools. Applied to clinical datasets, our method enables identification of cellular phenotypes associated with cytomegalovirus serostatus and COVID-19/sepsis discrimination, outperforming alternative approaches in downstream classification tasks. This framework addresses key technical limitations in integrating multi-batch cytometry datasets and provides a foundation for machine-learning applications in cytometry-based diagnostics.",2026 May 08,2026,
pubmed,42125533,https://pubmed.ncbi.nlm.nih.gov/42125533/,Weakly Supervised Teacher-Student Framework with Progressive Pseudo-mask Refinement for Gland Segmentation.,"Colorectal cancer histopathological grading relies on the accurate segmentation of glandular structures. Current deep learning-based methods depend heavily on large-scale pixel-level annotations that are labor-intensive and not amenable to clinical practice. Weakly supervised semantic segmentation offers a promising alternative; yet, existing class activation map-based weakly supervised semantic segmentation approaches often produce incomplete, low-quality pseudo-masks that overemphasize discriminative regions and fail to provide reliable supervision for unannotated glandular structures, limiting their suitability for dense histopathology segmentation under sparse supervision. We propose a novel weakly supervised teacher-student framework that leverages sparse pathologists' annotations and an Exponential Moving Average-stabilized teacher network to generate refined pseudo-masks. Our framework integrates confidence-based filtering, adaptive fusion of teacher predictions with limited ground truth, and curriculum-guided refinement, enabling the student network to progressively delineate and accurately segment unannotated glandular regions. We validated our framework on an institutional colorectal cancer cohort from The Ohio State University Wexner Medical Center, consisting of 60 hematoxylin and eosin-stained whole-slide images from independent patients with varying degrees of gland differentiation, as well as on public benchmarks including the Gland Segmentation dataset (derived from stage T3-T4 colorectal adenocarcinomas), TCGA-COAD, TCGA-READ, and SPIDER. The proposed framework achieved strong performance on the institutional dataset despite limited annotations. On the Gland Segmentation dataset, it demonstrated competitive performance compared to both weakly and fully supervised approaches, achieving a mean Intersection over Union of 80.10% ± 1.52 and a mean Dice coefficient of 89.10% ± 2.10. Moreover, cross-cohort evaluations showed robust generalization on TCGA-COAD and TCGA-READ without requiring additional annotations, while reduced performance on SPIDER reflected pronounced domain shift. Our framework provides an annotation-efficient and generalizable paradigm for accurate gland segmentation in colorectal histopathology, offering a practical pathway toward significantly reducing annotation burdens while preserving high segmentation fidelity.",2026 Mar,2026,
pubmed,42123672,https://pubmed.ncbi.nlm.nih.gov/42123672/,A Review and Experimental Analysis of Supervised Learning Systems and Methods for Protein-Protein Interaction Detection.,"The exponential growth of genomic and proteomic data has made computational protein-protein interaction (PPI) prediction indispensable, driving the need for a comprehensive and method-aware evaluation of supervised learning approaches. PPIs are fundamental to understanding cellular processes and disease mechanisms, yet experimental identification remains slow, costly, and difficult to scale. This survey systematically investigates ten supervised learning models-Extreme Learning Machine (ELM), Convolutional Neural Networks (CNNs), Graph Neural Networks (GNNs), Deep Neural Networks (DNNs), Naïve Bayes, Probabilistic Decision Tree, Support Vector Machine (SVM), Least Squares SVM (LS-SVM), K-Nearest Neighbor (KNN), and Weighted K-Nearest Neighbor (WKNN)-through a tri-layered framework that integrates <i>Comparative Quantitative Analysis</i>, <i>Comparative Observational Analysis</i>, and <i>Experimental Evaluations</i>. Beyond conventional accuracy summaries, this work provides <i>critical commentary tied to real-world use</i>, analyzing where techniques succeed or fail in practice-for instance, when instance-based methods bottleneck during inference, when kernel choices influence SVM variance, or when deep architectures trade accuracy for computational cost. The survey also offers concrete deployment guidance, such as calibration insights for WKNN versus KNN under varying feature noise or dataset curation quality, delivering operational perspectives that typical surveys omit. Comparative Quantitative Analysis consolidates metrics such as accuracy, F1-score, and computational time from the existing literature, while Comparative Observational Analysis evaluates interpretability, scalability, dataset suitability, and efficiency. Complementing these, <i>Experimental Evaluations</i> conducted by the authors empirically validate model performance on benchmark datasets. Together, these layers provide a unified and evidence-backed perspective on algorithmic strengths, weaknesses, and practical applicability. Findings show that GNNs and DNNs achieve the highest predictive accuracy due to their ability to capture structural and topological relationships, whereas ELM and Naïve Bayes offer superior efficiency. SVM and LS-SVM maintain robust stability under noisy conditions, and CNNs are well-suited for sequence-based prediction tasks. By combining empirical validation, critical insights, and deployment-focused recommendations, this survey delivers decision-grade guidance that bridges theoretical understanding with real-world implementation, thus clarifying the trade-offs among accuracy, efficiency, and scalability in PPI detection research.",2026 May 02,2026,
pubmed,42121180,https://pubmed.ncbi.nlm.nih.gov/42121180/,Development and external validation of an interpretable early prediction model for acute kidney injury using TabPFN and routine admission data: a retrospective cohort study.,"Acute kidney injury (AKI) is a common and serious complication among hospitalized patients, and early risk stratification remains challenging due to heterogeneous clinical data and limited interpretability of existing prediction models. Foundation models designed for tabular data may enable accurate prediction while preserving interpretability, but their application in early AKI risk assessment has not been fully explored. To develop and externally validate an interpretable early prediction model for AKI using the Tabular Prior-data Fitted Network (TabPFN) based on routinely available admission data. In this retrospective cohort study, predictors were restricted to clinical variables recorded within the 24 h prior to hospital admission, and this temporal definition was applied consistently across both the internal cohort and the external MIMIC-IV validation dataset. Time zero was defined as the admission time. Baseline serum creatinine (SCr) was defined as the first creatinine measurement at admission. The primary outcome was in-hospital AKI, defined according to KDIGO SCr criteria as a subsequent rise in creatinine relative to this admission baseline at any time during the index hospitalization. A total of 44,324 patients were included in the development cohort. TabPFN was trained on a stratified subsample and evaluated on a held-out internal test set, and benchmarked against seven conventional machine-learning models. Missing data were handled using multivariate imputation, and model interpretation was performed using SHAP-based attribution analyses. External validation was conducted in the MIMIC-IV database following predefined inclusion criteria and feature harmonization. In the internal test set, TabPFN achieved an AUROC of 0.953, outperforming comparator models. External validation demonstrated robust discrimination with an AUROC of 0.859. Calibration analyses indicated good agreement between predicted and observed risks. Attribution analyses identified baseline renal function and acute illness markers as major contributors to model-attributed AKI risk, with heterogeneous association patterns across patient subgroups. Using routinely available pre-admission data, TabPFN enabled accurate early prediction of in-hospital AKI and provided interpretable risk attribution patterns. These findings suggest potential utility for early risk stratification; however, results are observational and hypothesis-generating, and prospective validation is required before clinical deployment.",2026 May 12,2026,
